{
  "type": "minecraft:empty",
  "pools": [
    {
      "bonus_rolls": 0.0,
      "entries": [
        {
          "type": "minecraft:item",
          "name": "minecraft:deepslate_bricks",
          "quality": -240,
          "weight": 931
        },
        {
          "type": "minecraft:item",
          "name": "minecraft:deepslate_coal_ore",
          "weight": 3
        },
        {
          "type": "minecraft:item",
          "name": "minecraft:deepslate_copper_ore",
          "weight": 11
        },
        {
          "type": "minecraft:item",
          "name": "minecraft:deepslate_lapis_ore",
          "weight": 4
        },
        {
          "type": "minecraft:item",
          "name": "minecraft:deepslate_iron_ore",
          "weight": 11
        },
        {
          "type": "minecraft:item",
          "name": "minecraft:deepslate_gold_ore",
          "weight": 6
        },
        {
          "type": "minecraft:item",
          "name": "minecraft:deepslate_redstone_ore",
          "weight": 20
        },
        {
          "type": "minecraft:item",
          "name": "minecraft:deepslate_diamond_ore",
          "weight": 9
        },
        {
          "type": "minecraft:item",
          "name": "minecraft:deepslate_emerald_ore"
        },
        {
          "type": "minecraft:item",
          "name": "minecraft:amethyst_shard",
          "weight": 4
        }
      ],
      "rolls": 1.0
    }
  ],
  "random_sequence": "orefarmingdevice:device_2_d"
}