{
  "type": "minecraft:empty",
  "pools": [
    {
      "bonus_rolls": 0.0,
      "entries": [
        {
          "type": "minecraft:item",
          "name": "minecraft:nether_bricks",
          "quality": -240,
          "weight": 959
        },
        {
          "type": "minecraft:item",
          "name": "minecraft:nether_quartz_ore",
          "weight": 30
        },
        {
          "type": "minecraft:item",
          "name": "minecraft:nether_gold_ore",
          "weight": 10
        },
        {
          "type": "minecraft:item",
          "name": "minecraft:ancient_debris"
        }
      ],
      "rolls": 1.0
    }
  ],
  "random_sequence": "orefarmingdevice:device_2_n"
}