{
  "type": "minecraft:empty",
  "pools": [
    {
      "bonus_rolls": 0.0,
      "entries": [
        {
          "type": "minecraft:item",
          "name": "minecraft:stone_bricks",
          "quality": -240,
          "weight": 892
        },
        {
          "type": "minecraft:item",
          "name": "minecraft:coal_ore",
          "weight": 50
        },
        {
          "type": "minecraft:item",
          "name": "minecraft:copper_ore",
          "weight": 24
        },
        {
          "type": "minecraft:item",
          "name": "minecraft:lapis_ore",
          "weight": 4
        },
        {
          "type": "minecraft:item",
          "name": "minecraft:iron_ore",
          "weight": 30
        }
      ],
      "rolls": 1.0
    }
  ],
  "random_sequence": "orefarmingdevice:device_0"
}