{
  "type": "minecraft:empty",
  "pools": [
    {
      "bonus_rolls": 0.0,
      "entries": [
        {
          "type": "minecraft:item",
          "name": "minecraft:stone_bricks",
          "quality": -240,
          "weight": 839
        },
        {
          "type": "minecraft:item",
          "name": "minecraft:coal_ore",
          "weight": 50
        },
        {
          "type": "minecraft:item",
          "name": "minecraft:copper_ore",
          "weight": 47
        },
        {
          "type": "minecraft:item",
          "name": "minecraft:lapis_ore",
          "weight": 4
        },
        {
          "type": "minecraft:item",
          "name": "minecraft:iron_ore",
          "weight": 30
        },
        {
          "type": "minecraft:item",
          "name": "minecraft:gold_ore",
          "weight": 20
        },
        {
          "type": "minecraft:item",
          "name": "minecraft:redstone_ore",
          "weight": 5
        },
        {
          "type": "minecraft:item",
          "name": "minecraft:diamond_ore"
        },
        {
          "type": "minecraft:item",
          "name": "minecraft:emerald_ore",
          "weight": 2
        },
        {
          "type": "minecraft:item",
          "name": "minecraft:amethyst_shard",
          "weight": 2
        }
      ],
      "rolls": 1.0
    }
  ],
  "random_sequence": "orefarmingdevice:device_2"
}